kelurahan,kecamatan,wilayah
Jakarta Pusat,Gambir,Cideng
Jakarta Pusat,Gambir,Duri Pulo
Jakarta Pusat,Gambir,Gambir
Jakarta Pusat,Gambir,Gambir 
Jakarta Pusat,Gambir,Petojo Utara
Jakarta Pusat,Gambir ,Gambir
Jakarta Pusat,Gambir ,Gambir 
Jakarta Pusat,Gambir ,Petojo Selatan 
Jakarta Pusat,Johar Baru,Kampung Rawa
Jakarta Pusat,Menteng,Cikini
Jakarta Pusat,Menteng,Menteng
Jakarta Pusat,Menteng,Pegangsaan
Jakarta Pusat,Tanah Abang,Bendungan Hilir
Jakarta Pusat,Tanah Abang,Gelora
Jakarta Pusat,Tanah Abang,Kampung Bali
Jakarta Pusat,Tanah Abang,Kebon Kacang
Jakarta Pusat,Tanah Abang,Kebon Melati
Jakarta Pusat,Tanah Abang,Petamburan
Jakarta Pusat,Cempaka Putih,Cempaka Putih Timur
Jakarta Pusat,Gambir,Kebon Kelapa
Jakarta Pusat,Gambir ,Cideng
Jakarta Pusat,Johar Baru,Johar Baru
Jakarta Pusat,Johar Baru ,Tanah Tinggi
Jakarta Pusat,Kemayoran,Gunung Sahari Selatan
Jakarta Pusat,Sawah Besar,Gunung Sahari Utara
Jakarta Pusat,Gambir,Petojo Selatan 
Jakarta Pusat,Johar Baru,Tanah Tinggi 
Jakarta Pusat,Kemayoran,Kebon Kosong
Jakarta Pusat,Kemayoran,Utan Panjang
Jakarta Pusat,Sawah Besar,Kartini
Jakarta Pusat,Sawah Besar,Pasar Baru
Jakarta Pusat,Senen,Senen
Jakarta Pusat,Tanah Abang,Karet Tengsin
Jakarta Pusat,Cempaka Putih,Cempaka Putih Barat
Jakarta Pusat,Cempaka Putih,Rawasari
Jakarta Pusat,Gambir ,Petojo Utara 
Jakarta Pusat,Kemayoran,Cempaka Baru
Jakarta Pusat,Kemayoran,Harapan Mulya
Jakarta Pusat,Kemayoran,Kemayoran
Jakarta Pusat,Kemayoran,Sumur Batu
Jakarta Pusat,Sawah Besar,Mangga Dua Selatan
Jakarta Pusat,Senen,Kenari
Jakarta Pusat,Senen,Kenari 
Jakarta Pusat,Senen,Keramat
Jakarta Pusat,Senen,Kwitang
Jakarta Pusat,Senen,Kwitang 
Jakarta Pusat,Senen,Paseban
Jakarta Pusat,Kemayoran,Serdang
Jakarta Pusat,Sawah Besar,Karang Anyar
Jakarta Pusat,Senen,Bungur
Jakarta Barat,Kebon Jeruk,Sukabumi Selatan
Jakarta Barat,Kebon Jeruk,Sukabumi Selatan 
Jakarta Barat,Kebon Jeruk,Kelapa Dua
Jakarta Barat,Kebon Jeruk,Sukabumi Utara
,Kebon Jeruk,Kebon Jeruk
Jakarta Barat,Kebon Jeruk,Kebon Jeruk
,Kebon Jeruk,Kedoya Selatan
Jakarta Barat,Kebon Jeruk,Kedoya Selatan
,Kebon Jeruk,Kedoya Utara
Jakarta Barat,Kebon Jeruk,Kedoya Utara
Jakarta Barat,Kebon Jeruk,Duri Kepa
Jakarta Barat,Kebon Jeruk,Pool Gerobak
,Kebon Jeruk,Duri Kepa
Jakarta Barat,Grogol Petamburan,Grogol
Jakarta Barat,Grogol Petamburan,Tanjung Duren Selatan
Jakarta Barat,Grogol Petamburan,Wijaya Kusuma
Jakarta Barat,Grogol Petamburan,Tanjung Duren Utara
Jakarta Barat,Grogol Petamburan,Jelambar Baru
Jakarta Barat,Grogol Petamburan,Jelambar
Jakarta Barat,Grogol Petamburan,Tomang
Jakarta Barat,Grogol Petamburan,Tj. Duren Utara
Jakarta Barat,Grogol Petamburan,Tj. Duren Selatan
Jakarta Barat,Palmerah,Palmerah
Jakarta Barat,Palmerah,Kota Bambu Selatan
Jakarta Barat,Palmerah,Jati Pulo
Jakarta Barat,Palmerah,Kota Bambu Utara
Jakarta Barat,Palmerah ,Kemanggisan 
Jakarta Barat,Palmerah ,Kemanggisan
Jakarta Barat,Palmerah,Kemanggisan
Jakarta Barat,Palmerah ,Slipi
Jakarta Barat,Cengkareng,Kel. Kapuk
Jakarta Barat,Cengkareng,Cengkareng Timur
Jakarta Barat,Cengkareng,Kapuk
Jakarta Barat,Cengkareng,Cengakareng Timur
Jakarta Barat,Cengkareng,Cengkareng Barat
Jakarta Barat,Cengkareng,Cengakreng Barat
Jakarta Barat,Cengkareng,Rawa Buaya
Jakarta Barat,Cengkareng,Duri Kosambi
Jakarta Barat,Cengkareng,Duri Kosambo
Jakarta Barat,Cengkareng,Kedaung Kali Angke
Jakarta Barat,Kalideres,Semanan
Jakarta Barat,Kalideres,Kalideres
Jakarta Barat,Kalideres,Pegadungan
Jakarta Barat,Kalideres,Pegaudngan
Jakarta Barat,Kalideres,Tegal Alur
Jakarta Barat,Kalideres,Kamal
Jakarta Barat,Tamansari,Tangki
Jakarta Barat,Tamansari,Glodok
Jakarta Barat,Tamansari,Keagungan 
Jakarta Barat,Tamansari,Krukut
Jakarta Barat,Tamansari,Krukut 
Jakarta Barat,Tamansari ,Krukut 
Jakarta Barat,Tamansari,Mangga Besar
Jakarta Barat,Tamansari,Mangga Besar 
Jakarta Barat,Tamansari ,Mangga Besar
Jakarta Barat,Tamansari ,Mangga Besar 
Jakarta Barat,Tamansari,Maphar
Jakarta Barat,Tamansari,Pinangsia 
Jakarta Barat,Tamansari ,Pinangsia
Jakarta Barat,Tamansari ,Pinangsia 
Jakarta Barat,Tamansari,Tamansari
Jakarta Barat,Tambora, Angke 
Jakarta Barat,Tambora, Duri Selatan 
Jakarta Barat,Tambora, Duri Utara 
Jakarta Barat,Tambora, Jembatan Besi 
Jakarta Barat,Tambora, Jembatan Lima 
Jakarta Barat,Tambora, Kalianyar 
Jakarta Barat,Tambora, Pekojan 
Jakarta Barat,Tambora, Roa Malaka 
Jakarta Barat,Tambora, Tanah Sereal 
Jakarta Barat,Kembangan,Kembangan Utara
Jakarta Barat,Kembangan,Kembangan Selatan
Jakarta Barat,Kembangan,Meruya Utara
Jakarta Barat,Kembangan,Meruya Selatan
Jakarta Barat,Kembangan,Joglo
Jakarta Barat,Kembangan,Srengseng
Jakarta Selatan,Cilandak,Cilandak Barat
Jakarta Selatan,Cilandak,Lebak Bulus
Jakarta Selatan,Jagakarsa,Tanjung Barat
Jakarta Selatan,Kebayoran Lama,Grogol Selatan
Jakarta Selatan,Kebayoran Lama,Grogol Utara
Jakarta Selatan,Kebayoran Lama,Kebayoran Lama Selatan
Jakarta Selatan,Kebayoran Lama,Kebqyoran Lama Selatan
Jakarta Selatan,Kebayoran Lama,Pondok Pinang
Jakarta Selatan,Pesanggrahan,Pesanggrahan
Jakarta Selatan,Jagakarsa,Lenteng Agung
Jakarta Selatan,Kebayoran Baru,Gandaria Utara
Jakarta Selatan,Kebayoran Baru,Kramat Pela
Jakarta Selatan,Kebayoran Baru,Rawa Barat
Jakarta Selatan,Mampang Prapatan,Bangka
Jakarta Selatan,Pancoran,Rawajati
Jakarta Selatan,Pasar Minggu,Cilandak Timur
Jakarta Selatan,Pasar Minggu,Pejaten Timur
Jakarta Selatan,Pasar Minggu,Pejaten Barat
Jakarta Selatan,Pasar Minggu ,Pejaten Barat
Jakarta Selatan,Pesanggrahan,Petukangan Selatan
Jakarta Selatan,Tebet,Bukit Duri
Jakarta Selatan,Tebet,Tebet Barat
Jakarta Selatan,Cilandak,Cipete Selatan
Jakarta Selatan,Cilandak,Pondok Labu
Jakarta Selatan,Jagakarsa,Ciganjur
Jakarta Selatan,Jagakarsa,Cipedak
Jakarta Selatan,Jagakarsa,Jagakarsa
Jakarta Selatan,Jagakarsa,Srengseng Sawah
Jakarta Selatan,Kebayoran Baru,Cipete Utara
Jakarta Selatan,Kebayoran Baru,Gunung
Jakarta Selatan,Kebayoran Baru,Petogogan
Jakarta Selatan,Kebayoran Baru,Selong
Jakarta Selatan,Kebayoran Baru,Senayan
Jakarta Selatan,Kebayoran Lama,Cipulir
Jakarta Selatan,Kebayoran Lama,Kebayoran Lama Utara
Jakarta Selatan,Pancoran,Cikoko
Jakarta Selatan,Pancoran,Pancoran
Jakarta Selatan,Pancoran,Pengadegan
Jakarta Selatan,Pesanggrahan,Bintaro
Jakarta Selatan,Pesanggrahan,Petukangan Utara
Jakarta Selatan,Pesanggrahan,Ulujami
Jakarta Selatan,Setiabudi,Karet Semanggi
Jakarta Selatan,Setiabudi,Kuningan Timur
Jakarta Selatan,Setiabudi,Menteng Atas
Jakarta Selatan,Setiabudi,Pasar Manggis
Jakarta Selatan,Tebet,Tebet Timur
Jakarta Selatan,Cilandak,Gandaria Selatan
Jakarta Selatan,Mampang Prapatan,Kuningan Barat
Jakarta Selatan,Mampang Prapatan,Mampang Prapatan
Jakarta Selatan,Mampang Prapatan,Pela Mampang
Jakarta Selatan,Pancoran,Duren Tiga 
Jakarta Selatan,Pancoran,Kalibata
Jakarta Selatan,Pasar Minggu,Ragunan
Jakarta Selatan,Setiabudi,Guntur
Jakarta Selatan,Setiabudi,Karet
Jakarta Selatan,Setiabudi,Karet Kuningan
Jakarta Selatan,Setiabudi,Setiabudi
Jakarta Selatan,Pasar Minggu,Kebagusan
Jakarta Selatan,Pasar Minggu,Pasar Minggu
Jakarta Selatan,Tebet,Menteng Dalam
Jakarta Timur ,Cakung,Pulo Gebang
Jakarta Timur ,Cakung,Cakung Timur
Jakarta Timur ,Cakung,Jatinegara
Jakarta Timur ,Cakung,Rawa Terate
Jakarta Timur ,Cakung,Penggilingan
Jakarta Timur ,Cakung,Penggilingan 
Jakarta Timur ,Cakung,Cakung Barat
Jakarta Timur ,Cakung,Pool Container
Jakarta Timur ,Cipayung,Lubang Buaya
Jakarta Timur ,Cipayung,Ceger
Jakarta Timur ,Cipayung,Setu
Jakarta Timur ,Cipayung,Munjul
Jakarta Timur ,Cipayung,Cilangkap
Jakarta Timur ,Cipayung,Bambu Apus
Jakarta Timur ,Cipayung,Ceger 
Jakarta Timur ,Cipayung,Cipayung
Jakarta Timur ,Cipayung,Pondok Ranggon
Jakarta Timur ,Ciracas,Kampung Rambutan 
Jakarta Timur ,Ciracas,Kampung Rambutan
Jakarta Timur ,Ciracas,Kelapa Dua Wetan
Jakarta Timur ,Ciracas,Susukan
Jakarta Timur ,Ciracas,Cibubur
Jakarta Timur ,Ciracas,Ciracas
Jakarta Timur ,Ciracas,Rambutan
Jakarta Timur ,Ciracas ,Kampung Rambutan
Jakarta Timur ,Ciracas ,Kampung Rambutan 
Jakarta Timur ,Duren Sawit,Pondok Kelapa
Jakarta Timur ,Duren Sawit,Pondok Kelapa 
Jakarta Timur ,Duren Sawit,Duren Sawit
Jakarta Timur ,Duren Sawit,Duren Sawit 
Jakarta Timur ,Duren Sawit,Malaka Sari
Jakarta Timur ,Duren Sawit,Klender
Jakarta Timur ,Duren Sawit,Pondok Bambu
Jakarta Timur ,Duren Sawit,Pd Kopi
Jakarta Timur ,Duren Sawit,Od Kopi
Jakarta Timur ,Duren Sawit,Pondok Kopi
Jakarta Timur ,Duren Sawit ,Duren Sawit 
Jakarta Timur ,Duren Sawit ,Malakajaya 
Jakarta Timur ,Jatinegara,Cipinang Muara
Jakarta Timur ,Jatinegara,Rawabunga
Jakarta Timur ,Jatinegara,Balimester
Jakarta Timur ,Jatinegara,Bidara Cina
Jakarta Timur ,Jatinegara,Kampung Melayu
Jakarta Timur ,Jatinegara,Kp Melayu
Jakarta Timur ,Jatinegara,Cipinang Cempedak
Jakarta Timur ,Jatinegara,Cipinang Besar Selatan
Jakarta Timur ,Jatinegara,Cipinang Besar Utara
Jakarta Timur ,Jatinegara,Cipinang Besar Selatan 
Jakarta Timur ,Jatinegara ,Cipinang Muara
Jakarta Timur ,Kramat Jati,Dukuh
Jakarta Timur ,Kr Jati,Tengah 
Jakarta Timur ,Kr Jati,Tengah
Jakarta Timur ,Kramat Jati,Kramat Jati
Jakarta Timur ,Kramat Jati,Cawang
Jakarta Timur ,Kramat Jati,Cililitan
Jakarta Timur ,Kramat Jati,Tengah
Jakarta Timur ,Kramat Jati,Balekambang
Jakarta Timur ,Makasar,Cipinang Melayu
Jakarta Timur ,Makasar,Makasar
Jakarta Timur ,Makasar,Pinang Ranti
Jakarta Timur ,Makasar,Halim Perdana Kusumah
Jakarta Timur ,Makasar,Kebon Pala
Jakarta Timur ,Matraman,Pisangan Baru
Jakarta Timur ,Matraman,Palmeriam
Jakarta Timur ,Matraman,Kebon Manggis
Jakarta Timur ,Matraman,Utan Kayu Selatan
Jakarta Timur ,Matraman,Kayu Manis
Jakarta Timur ,Matraman ,Kebon Manggis
Jakarta Timur ,Pasar Rebo,Cijantung
Jakarta Timur ,Pasar Rebo,Kalisari
Jakarta Timur ,Pasar Rebo,Kalisari 
Jakarta Timur ,Pasar Rebo,Pekayon
Jakarta Timur ,Pasar Rebo,Gedong
Jakarta Timur ,Pasar Rebo,Baru
Jakarta Timur ,Pasar Rebo ,Gedong
Jakarta Timur ,Pulogadung,Pulogadung
Jakarta Timur ,Pulogadung,Rawamangun
Jakarta Timur ,Pulogadung,Pisangan Timur
Jakarta Timur ,Pulogadung,Jatinegara Kaum
Jakarta Timur ,Pulogadung,Kayu Putih
Jakarta Timur ,Pulogadung,Jati
Jakarta Timur ,Pulogadung,Cipinang
Jakarta Timur ,Pulogadung ,Rawamangun 
Jakarta Timur ,Pulogadung ,Jatinegara Kaum 
Jakarta Timur ,Pulogadung ,Kayu Putih 
Jakarta Timur ,Pulogadung ,Cipinang
Jakarta Timur ,Pulogadung ,Pisangan Timur 
Jakarta Utara,Cilincing,Cilincing
Jakarta Utara,Cilincing,Kalibaru
Jakarta Utara,Cilincing,Rorotan
Jakarta Utara,Cilincing,Rorotan 
Jakarta Utara,Cilincing ,Marunda
Jakarta Utara,Cilincing ,Marunda 
Jakarta Utara,Cilincing ,Semper Barat 
Jakarta Utara,Cilincing ,Sukapura 
Jakarta Utara,Kelapa Gading,Kelapa Gading Barat
Jakarta Utara,Koja,Koja Selatan
Jakarta Utara,Koja,Rawa Badak Selatan
Jakarta Utara,Koja,Rawa Badak Utara
Jakarta Utara,Pademangan,Ancol
Jakarta Utara,Pademangan,Pademangan Barat
Jakarta Utara,Pademangan,Pademangan Timur
Jakarta Utara,Pademangan ,Pademangan Barat
Jakarta Utara,Tanjung Priok,Papanggo
Jakarta Utara,Tanjung Priok,Sunter Agung
Jakarta Utara,Tanjung Priok,Sunter Jaya
Jakarta Utara,Tanjung Priok,Sunter Jya
Jakarta Utara,Tanjung Priok,Tanjung Priok
Jakarta Utara,Cilincing ,Semper Timur
Jakarta Utara,Penjaringan,Penjaringan
Jakarta Utara,Cilincing ,Semper Timur 
Jakarta Utara,Kelapa Gading,Kelapa Gading Timur
Jakarta Utara,Kelapa Gading,Pegangsaan Dua
Jakarta Utara,Koja,Lagoa
Jakarta Utara,Penjaringan,Kapuk Muara
Jakarta Utara,Tanjung Priok,Kebon Bawang
Jakarta Utara,Tanjung Priok,Sungai Bambu
Jakarta Utara,Koja,Koja Utara
Jakarta Utara,Koja,Tugu Utara
Jakarta Utara,Tanjung Priok,Warakas
Jakarta Utara,Penjaringan,Kamal Muara
