wilayah,kecamatan,kelurahan
Jakarta Barat,CENGKARENG,Cengkareng Barat
Jakarta Barat,Cengkareng,Cengakareng Timur
Jakarta Barat,Cengkareng,Cengakreng Barat
Jakarta Barat,Cengkareng,Cengkareng Barat
Jakarta Barat,Cengkareng,Cengkareng Barat
Jakarta Barat,Cengkareng,Cengkareng Barat
Jakarta Barat,Cengkareng,Cengkareng Barat
Jakarta Barat,Cengkareng,Cengkareng Barat
Jakarta Barat,Cengkareng,Cengkareng Barat
Jakarta Barat,Cengkareng,Cengkareng Barat
Jakarta Barat,Cengkareng,Cengkareng Barat
Jakarta Barat,Cengkareng,Cengkareng Timur
Jakarta Barat,Cengkareng,Cengkareng Timur
Jakarta Barat,Cengkareng,Cengkareng Timur
Jakarta Barat,Cengkareng,Cengkareng Timur
Jakarta Barat,Cengkareng,Cengkareng Timur
Jakarta Barat,Cengkareng,Cengkareng Timur
Jakarta Barat,Cengkareng,Cengkareng Timur
Jakarta Barat,Cengkareng,Cengkareng Timur
Jakarta Barat,Cengkareng,Cengkareng barat
Jakarta Barat,Cengkareng,Duri Kosambi
Jakarta Barat,Cengkareng,Duri Kosambo
Jakarta Barat,Cengkareng,Duri kosambi
Jakarta Barat,Cengkareng,Kapuk
Jakarta Barat,Cengkareng,Kapuk
Jakarta Barat,Cengkareng,Kapuk
Jakarta Barat,Cengkareng,Kapuk
Jakarta Barat,Cengkareng,Kapuk
Jakarta Barat,Cengkareng,Kapuk
Jakarta Barat,Cengkareng,Kapuk
Jakarta Barat,Cengkareng,Kedaung kali Angke
Jakarta Barat,Cengkareng,Kel. Kapuk
Jakarta Barat,Cengkareng,Rawa Buaya
Jakarta Barat,Cengkareng,Rawa Buaya
Jakarta Barat,Cengkareng,Rawa Buaya
Jakarta Barat,Grogol Petamburan,Grogol
Jakarta Barat,Grogol Petamburan,Grogol
Jakarta Barat,Grogol Petamburan,Grogol
Jakarta Barat,Grogol Petamburan,Jelambar
Jakarta Barat,Grogol Petamburan,Jelambar
Jakarta Barat,Grogol Petamburan,Jelambar
Jakarta Barat,Grogol Petamburan,Jelambar
Jakarta Barat,Grogol Petamburan,Jelambar
Jakarta Barat,Grogol Petamburan,Jelambar
Jakarta Barat,Grogol Petamburan,Jelambar
Jakarta Barat,Grogol Petamburan,Jelambar
Jakarta Barat,Grogol Petamburan,Jelambar Baru
Jakarta Barat,Grogol Petamburan,Jelambar Baru
Jakarta Barat,Grogol Petamburan,Jelambar Baru
Jakarta Barat,Grogol Petamburan,Jelambar Baru
Jakarta Barat,Grogol Petamburan,Jelambar Baru
Jakarta Barat,Grogol Petamburan,Tanjung Duren Selatan
Jakarta Barat,Grogol Petamburan,Tanjung Duren Utara
Jakarta Barat,Grogol Petamburan,Tanjung Duren Utara
Jakarta Barat,Grogol Petamburan,Tj. Duren Selatan
Jakarta Barat,Grogol Petamburan,Tj. Duren Utara
Jakarta Barat,Grogol Petamburan,Tomang
Jakarta Barat,Grogol Petamburan,Tomang
Jakarta Barat,Grogol Petamburan,Tomang
Jakarta Barat,Grogol Petamburan,Tomang
Jakarta Barat,Grogol Petamburan,Wijaya Kusuma
Jakarta Barat,Grogol Petamburan,Wijaya Kusuma
Jakarta Barat,Grogol Petamburan,Wijaya Kusuma
Jakarta Barat,Grogol Petamburan,Wijaya Kusuma
Jakarta Barat,Grogol Petamburan,Wijaya Kusuma
Jakarta Barat,Grogol Petamburan,Wijaya Kusuma
Jakarta Barat,Grogol Petamburan,Wijaya Kusuma
Jakarta Barat,Grogol Petamburan,Wijaya Kusuma
Jakarta Barat,Kalideres,Kalideres
Jakarta Barat,Kalideres,Kalideres
Jakarta Barat,Kalideres,Kalideres
Jakarta Barat,Kalideres,Kalideres
Jakarta Barat,Kalideres,Kalideres
Jakarta Barat,Kalideres,Kalideres
Jakarta Barat,Kalideres,Kalideres
Jakarta Barat,Kalideres,Kalideres
Jakarta Barat,Kalideres,Kalideres
Jakarta Barat,Kalideres,Kalideres
Jakarta Barat,Kalideres,Kalideres
Jakarta Barat,Kalideres,Kalideres
Jakarta Barat,Kalideres,Kamal
Jakarta Barat,Kalideres,Kamal
Jakarta Barat,Kalideres,Kamal
Jakarta Barat,Kalideres,Kamal
Jakarta Barat,Kalideres,Kamal
Jakarta Barat,Kalideres,Pegadungan
Jakarta Barat,Kalideres,Pegadungan
Jakarta Barat,Kalideres,Pegadungan
Jakarta Barat,Kalideres,Pegadungan
Jakarta Barat,Kalideres,Pegadungan
Jakarta Barat,Kalideres,Pegadungan
Jakarta Barat,Kalideres,Pegadungan
Jakarta Barat,Kalideres,Pegadungan
Jakarta Barat,Kalideres,Pegadungan
Jakarta Barat,Kalideres,Pegaudngan
Jakarta Barat,Kalideres,Semanan
Jakarta Barat,Kalideres,Semanan
Jakarta Barat,Kalideres,Semanan
Jakarta Barat,Kalideres,Semanan
Jakarta Barat,Kalideres,Semanan
Jakarta Barat,Kalideres,Semanan
Jakarta Barat,Kalideres,Tegal Alur
Jakarta Barat,Kalideres,Tegal Alur
Jakarta Barat,Kalideres,Tegal Alur
Jakarta Barat,Kalideres,Tegal Alur
Jakarta Barat,Kalideres,Tegal Alur
Jakarta Barat,Kalideres,Tegal Alur
Jakarta Barat,Kalideres,Tegal Alur
Jakarta Barat,Kalideres,Tegal Alur
Jakarta Barat,Kebon Jeruk,Duri Kepa
Jakarta Barat,Kebon Jeruk,Duri Kepa
Jakarta Barat,Kebon Jeruk,Duri Kepa
Jakarta Barat,Kebon Jeruk,Duri Kepa
Jakarta Barat,Kebon Jeruk,Duri Kepa
Jakarta Barat,Kebon Jeruk,Duri Kepa
Jakarta Barat,Kebon Jeruk,Duri Kepa
Jakarta Barat,Kebon Jeruk,Duri kepa
Jakarta Barat,Kebon Jeruk,Kebon Jeruk
Jakarta Barat,Kebon Jeruk,Kebon Jeruk
Jakarta Barat,Kebon Jeruk,Kebon Jeruk
Jakarta Barat,Kebon Jeruk,Kedoya Selatan
Jakarta Barat,Kebon Jeruk,Kedoya Selatan
Jakarta Barat,Kebon Jeruk,Kedoya Selatan
Jakarta Barat,Kebon Jeruk,Kedoya Utara
Jakarta Barat,Kebon Jeruk,Kedoya Utara
Jakarta Barat,Kebon Jeruk,Kedoya Utara
Jakarta Barat,Kebon Jeruk,Kedoya Utara
Jakarta Barat,Kebon Jeruk,Kelapa Dua
Jakarta Barat,Kebon Jeruk,Kelapa Dua
Jakarta Barat,Kebon Jeruk,Kelapa Dua
Jakarta Barat,Kebon Jeruk,Kelapa Dua
Jakarta Barat,Kebon Jeruk,Pool Gerobak
Jakarta Barat,Kebon Jeruk,Sukabumi Selatan
Jakarta Barat,Kebon Jeruk,Sukabumi Selatan
Jakarta Barat,Kebon Jeruk,Sukabumi Selatan
Jakarta Barat,Kebon Jeruk,Sukabumi Selatan 
Jakarta Barat,Kebon Jeruk,Sukabumi Utara
Jakarta Barat,Kebon Jeruk,Sukabumi Utara
Jakarta Barat,Kembangan,Joglo
Jakarta Barat,Kembangan,Joglo
Jakarta Barat,Kembangan,Joglo
Jakarta Barat,Kembangan,Joglo
Jakarta Barat,Kembangan,Kembangan selatan
Jakarta Barat,Kembangan,Kembangan selatan
Jakarta Barat,Kembangan,Kembangan selatan
Jakarta Barat,Kembangan,Kembangan selatan
Jakarta Barat,Kembangan,Kembangan selatan
Jakarta Barat,Kembangan,Kembangan utara
Jakarta Barat,Kembangan,Kembangan utara
Jakarta Barat,Kembangan,Kembangan utara
Jakarta Barat,Kembangan,Kembangan utara
Jakarta Barat,Kembangan,Kembangan utara
Jakarta Barat,Kembangan,Kembangan utara
Jakarta Barat,Kembangan,Meruya Utara
Jakarta Barat,Kembangan,Meruya selatan
Jakarta Barat,Kembangan,Meruya selatan
Jakarta Barat,Kembangan,Meruya utara
Jakarta Barat,Kembangan,Meruya utara
Jakarta Barat,Kembangan,Meruya utara
Jakarta Barat,Kembangan,Meruya utara
Jakarta Barat,Kembangan,Meruya utara
Jakarta Barat,Kembangan,Meruya utara
Jakarta Barat,Kembangan,Meruya utara
Jakarta Barat,Kembangan,Meruya utara
Jakarta Barat,Kembangan,Srengseng
Jakarta Barat,Kembangan,Srengseng
Jakarta Barat,Palmerah,Kemanggisan
Jakarta Barat,Palmerah,Kemanggisan
Jakarta Barat,Palmerah,Kota Bambu Selatan
Jakarta Barat,Palmerah,Kota Bambu Utara
Jakarta Barat,Palmerah,Kota Bambu Utara
Jakarta Barat,Palmerah,Kota Bambu selatan
Jakarta Barat,Palmerah,Palmerah
Jakarta Barat,Palmerah,Palmerah
Jakarta Barat,Palmerah ,Kemanggisan
Jakarta Barat,Palmerah ,Kemanggisan 
Jakarta Barat,Palmerah ,Kemanggisan 
Jakarta Barat,Palmerah ,Slipi
Jakarta Barat,Palmerah ,Slipi
Jakarta Barat,Palmerah ,Slipi
Jakarta Barat,Tamansari,Glodok
Jakarta Barat,Tamansari,Glodok
Jakarta Barat,Tamansari,Glodok
Jakarta Barat,Tamansari,Glodok
Jakarta Barat,Tamansari,Glodok
Jakarta Barat,Tamansari,Keagungan 
Jakarta Barat,Tamansari,Keagungan 
Jakarta Barat,Tamansari,Keagungan 
Jakarta Barat,Tamansari,Krukut
Jakarta Barat,Tamansari,Krukut
Jakarta Barat,Tamansari,Krukut
Jakarta Barat,Tamansari,Krukut 
Jakarta Barat,Tamansari,Mangga Besar
Jakarta Barat,Tamansari,Mangga Besar
Jakarta Barat,Tamansari,Mangga Besar 
Jakarta Barat,Tamansari,Maphar
Jakarta Barat,Tamansari,Maphar
Jakarta Barat,Tamansari,Maphar
Jakarta Barat,Tamansari,Maphar
Jakarta Barat,Tamansari,Maphar
Jakarta Barat,Tamansari,Maphar
Jakarta Barat,Tamansari,Maphar
Jakarta Barat,Tamansari,Pinangsia 
Jakarta Barat,Tamansari,Pinangsia 
Jakarta Barat,Tamansari,Pinangsia 
Jakarta Barat,Tamansari,Pinangsia 
Jakarta Barat,Tamansari,Pinangsia 
Jakarta Barat,Tamansari,Pinangsia 
Jakarta Barat,Tamansari,Pinangsia 
Jakarta Barat,Tamansari,Pinangsia 
Jakarta Barat,Tamansari,Pinangsia 
Jakarta Barat,Tamansari,Tamansari
Jakarta Barat,Tamansari,Tamansari
Jakarta Barat,Tamansari,Tamansari
Jakarta Barat,Tamansari,Tamansari
Jakarta Barat,Tamansari,Tamansari
Jakarta Barat,Tamansari,Tamansari
Jakarta Barat,Tamansari,Tangki
Jakarta Barat,Tamansari ,Krukut 
Jakarta Barat,Tamansari ,Mangga Besar
Jakarta Barat,Tamansari ,Mangga Besar 
Jakarta Barat,Tamansari ,Pinangsia
Jakarta Barat,Tamansari ,Pinangsia 
Jakarta Barat,Tamansari ,Pinangsia 
Jakarta Barat,Tamansari ,Pinangsia 
Jakarta Barat,Tamansari ,Pinangsia 
Jakarta Barat,Tambora, Angke 
Jakarta Barat,Tambora, Angke 
Jakarta Barat,Tambora, Angke 
Jakarta Barat,Tambora, Angke 
Jakarta Barat,Tambora, Duri Utara 
Jakarta Barat,Tambora, Duri selatan 
Jakarta Barat,Tambora, Duri selatan 
Jakarta Barat,Tambora, Duri selatan 
Jakarta Barat,Tambora, Jembatan Besi 
Jakarta Barat,Tambora, Jembatan Besi 
Jakarta Barat,Tambora, Jembatan Besi 
Jakarta Barat,Tambora, Jembatan Besi 
Jakarta Barat,Tambora, Jembatan Besi 
Jakarta Barat,Tambora, Jembatan Besi 
Jakarta Barat,Tambora, Jembatan Lima 
Jakarta Barat,Tambora, Kalianyar 
Jakarta Barat,Tambora, Pekojan 
Jakarta Barat,Tambora, Roa Malaka 
Jakarta Barat,Tambora, Tanah Sereal 
Jakarta Barat,palmerah,jati pulo
Jakarta Barat,palmerah,jati pulo
Jakarta Pusat,Cempaka Putih,Cempaka putih timur
Jakarta Pusat,Cempaka putih,Cempaka putih barat
Jakarta Pusat,Cempaka putih,Cempaka putih barat
Jakarta Pusat,Cempaka putih,Cempaka putih timur
Jakarta Pusat,Cempaka putih,Cempaka putih timur
Jakarta Pusat,Cempaka putih,Cempaka putih timur
Jakarta Pusat,Cempaka putih,Cempaka putih timur
Jakarta Pusat,Cempaka putih,Rawasari
Jakarta Pusat,Cempaka putih,Rawasari
Jakarta Pusat,Cempaka putih,Rawasari
Jakarta Pusat,Gambir,Cideng
Jakarta Pusat,Gambir,Cideng
Jakarta Pusat,Gambir,Duri pulo
Jakarta Pusat,Gambir,Duri pulo
Jakarta Pusat,Gambir,Duri pulo
Jakarta Pusat,Gambir,Duri pulo
Jakarta Pusat,Gambir,Duri pulo
Jakarta Pusat,Gambir,Duri pulo
Jakarta Pusat,Gambir,Gambir
Jakarta Pusat,Gambir,Gambir
Jakarta Pusat,Gambir,Gambir
Jakarta Pusat,Gambir,Gambir
Jakarta Pusat,Gambir,Gambir
Jakarta Pusat,Gambir,Gambir
Jakarta Pusat,Gambir,Gambir
Jakarta Pusat,Gambir,Gambir
Jakarta Pusat,Gambir,Gambir
Jakarta Pusat,Gambir,Gambir
Jakarta Pusat,Gambir,Gambir 
Jakarta Pusat,Gambir,Gambir 
Jakarta Pusat,Gambir,Kebon kelapa
Jakarta Pusat,Gambir,Kebon kelapa
Jakarta Pusat,Gambir,Petojo selatan 
Jakarta Pusat,Gambir,Petojo utara
Jakarta Pusat,Gambir,Petojo utara
Jakarta Pusat,Gambir ,Cideng
Jakarta Pusat,Gambir ,Gambir
Jakarta Pusat,Gambir ,Gambir 
Jakarta Pusat,Gambir ,Gambir 
Jakarta Pusat,Gambir ,Petojo Selatan 
Jakarta Pusat,Gambir ,Petojo Selatan 
Jakarta Pusat,Gambir ,Petojo Utara 
Jakarta Pusat,Gambir ,Petojo selatan 
Jakarta Pusat,Gambir ,Petojo selatan 
Jakarta Pusat,Gambir ,Petojo utara 
Jakarta Pusat,Gambir ,Petojo utara 
Jakarta Pusat,Johar Baru,Johar Baru
Jakarta Pusat,Johar baru,Kampung rawa
Jakarta Pusat,Johar baru,Tanah tinggi 
Jakarta Pusat,Johar baru ,Tanah tinggi
Jakarta Pusat,Kemayoran,Cempaka Baru
Jakarta Pusat,Kemayoran,Cempaka Baru
Jakarta Pusat,Kemayoran,Cempaka Baru
Jakarta Pusat,Kemayoran,Cempaka Baru
Jakarta Pusat,Kemayoran,Cempaka Baru
Jakarta Pusat,Kemayoran,Cempaka Baru
Jakarta Pusat,Kemayoran,Gunung Sahari Selatan
Jakarta Pusat,Kemayoran,Gunung Sahari Selatan
Jakarta Pusat,Kemayoran,Gunung Sahari Selatan
Jakarta Pusat,Kemayoran,Gunung Sahari Selatan
Jakarta Pusat,Kemayoran,Harapan Mulya
Jakarta Pusat,Kemayoran,Harapan Mulya
Jakarta Pusat,Kemayoran,Kebon Kosong
Jakarta Pusat,Kemayoran,Kebon Kosong
Jakarta Pusat,Kemayoran,Kebon Kosong
Jakarta Pusat,Kemayoran,Kebon Kosong
Jakarta Pusat,Kemayoran,Kebon Kosong
Jakarta Pusat,Kemayoran,Kebon Kosong
Jakarta Pusat,Kemayoran,Kebon kosong
Jakarta Pusat,Kemayoran,Kemayoran
Jakarta Pusat,Kemayoran,Kemayoran
Jakarta Pusat,Kemayoran,Kemayoran
Jakarta Pusat,Kemayoran,Serdang
Jakarta Pusat,Kemayoran,Sumur Batu
Jakarta Pusat,Kemayoran,Sumur Batu
Jakarta Pusat,Kemayoran,Sumur Batu
Jakarta Pusat,Kemayoran,Sumur Batu
Jakarta Pusat,Kemayoran,Sumur batu
Jakarta Pusat,Kemayoran,Utan Panjang
Jakarta Pusat,Kemayoran,Utan Panjang
Jakarta Pusat,Kemayoran,Utan Panjang
Jakarta Pusat,Menteng,Cikini
Jakarta Pusat,Menteng,Cikini
Jakarta Pusat,Menteng,Cikini
Jakarta Pusat,Menteng,Cikini
Jakarta Pusat,Menteng,Menteng
Jakarta Pusat,Menteng,Menteng
Jakarta Pusat,Menteng,Menteng
Jakarta Pusat,Menteng,Menteng
Jakarta Pusat,Menteng,Menteng
Jakarta Pusat,Menteng,Pegangsaan
Jakarta Pusat,Menteng,Pegangsaan
Jakarta Pusat,Menteng,Pegangsaan
Jakarta Pusat,Sawah Besar,Karang Anyar
Jakarta Pusat,Sawah Besar,Kartini
Jakarta Pusat,Sawah Besar,Kartini
Jakarta Pusat,Sawah Besar,Mangga Dua Selatan
Jakarta Pusat,Sawah Besar,Mangga Dua Selatan
Jakarta Pusat,Sawah Besar,Pasar Baru
Jakarta Pusat,Sawah besar,Gunung Sahari Utara
Jakarta Pusat,Sawah besar,Kartini
Jakarta Pusat,Sawah besar,Mangga Dua Selatan
Jakarta Pusat,Senen,Bungur
Jakarta Pusat,Senen,Kenari 
Jakarta Pusat,Senen,Keramat
Jakarta Pusat,Senen,Kwitang
Jakarta Pusat,Senen,Kwitang
Jakarta Pusat,Senen,Kwitang 
Jakarta Pusat,Senen,Paseban
Jakarta Pusat,Senen,Paseban
Jakarta Pusat,Senen,Paseban
Jakarta Pusat,Senen,Paseban
Jakarta Pusat,Senen,Senen
Jakarta Pusat,Senen,Senen
Jakarta Pusat,Senen,kenari
Jakarta Pusat,Senen,keramat
Jakarta Pusat,Tanah Abang,Bendungan Hilir
Jakarta Pusat,Tanah Abang,Bendungan Hilir
Jakarta Pusat,Tanah Abang,Bendungan Hilir
Jakarta Pusat,Tanah Abang,Bendungan Hilir
Jakarta Pusat,Tanah Abang,Gelora
Jakarta Pusat,Tanah Abang,Gelora
Jakarta Pusat,Tanah Abang,Gelora
Jakarta Pusat,Tanah Abang,Gelora
Jakarta Pusat,Tanah Abang,Kampung Bali
Jakarta Pusat,Tanah Abang,Kampung Bali
Jakarta Pusat,Tanah Abang,Kampung Bali
Jakarta Pusat,Tanah Abang,Kampung Bali
Jakarta Pusat,Tanah Abang,Kampung Bali
Jakarta Pusat,Tanah Abang,Kampung Bali
Jakarta Pusat,Tanah Abang,Karet Tengsin
Jakarta Pusat,Tanah Abang,Karet Tengsin
Jakarta Pusat,Tanah Abang,Karet Tengsin
Jakarta Pusat,Tanah Abang,Kebon Kacang
Jakarta Pusat,Tanah Abang,Kebon Kacang
Jakarta Pusat,Tanah Abang,Kebon Kacang
Jakarta Pusat,Tanah Abang,Kebon Kacang
Jakarta Pusat,Tanah Abang,Kebon Kacang
Jakarta Pusat,Tanah Abang,Kebon Kacang
Jakarta Pusat,Tanah Abang,Kebon Melati
Jakarta Pusat,Tanah Abang,Kebon Melati
Jakarta Pusat,Tanah Abang,Kebon melati
Jakarta Pusat,Tanah Abang,Petamburan
Jakarta Pusat,Tanah Abang,Petamburan
Jakarta Pusat,Tanah Abang,Petamburan
Jakarta Pusat,Tanah Abang,Petamburan
Jakarta Selatan,Cilandak,Cilandak Barat
Jakarta Selatan,Cilandak,Cilandak Barat
Jakarta Selatan,Cilandak,Cilandak Barat
Jakarta Selatan,Cilandak,Cilandak Barat
Jakarta Selatan,Cilandak,Cilandak Barat
Jakarta Selatan,Cilandak,Cilandak Barat
Jakarta Selatan,Cilandak,Cipete Selatan
Jakarta Selatan,Cilandak,Cipete Selatan
Jakarta Selatan,Cilandak,Gandaria Selatan
Jakarta Selatan,Cilandak,Lebak Bulus
Jakarta Selatan,Cilandak,Lebak Bulus
Jakarta Selatan,Cilandak,Lebak Bulus
Jakarta Selatan,Cilandak,Lebak Bulus
Jakarta Selatan,Cilandak,Lebak Bulus
Jakarta Selatan,Cilandak,Lebak Bulus
Jakarta Selatan,Cilandak,Pondok Labu
Jakarta Selatan,Jagakarsa,Ciganjur
Jakarta Selatan,Jagakarsa,Cipedak
Jakarta Selatan,Jagakarsa,Cipedak
Jakarta Selatan,Jagakarsa,Cipedak
Jakarta Selatan,Jagakarsa,Jagakarsa
Jakarta Selatan,Jagakarsa,Jagakarsa
Jakarta Selatan,Jagakarsa,Jagakarsa
Jakarta Selatan,Jagakarsa,Jagakarsa
Jakarta Selatan,Jagakarsa,Jagakarsa
Jakarta Selatan,Jagakarsa,Lenteng Agung
Jakarta Selatan,Jagakarsa,Lenteng Agung
Jakarta Selatan,Jagakarsa,Lenteng agung
Jakarta Selatan,Jagakarsa,Lenteng agung
Jakarta Selatan,Jagakarsa,Lenteng agung
Jakarta Selatan,Jagakarsa,Srengseng sawah
Jakarta Selatan,Jagakarsa,Srengseng sawah
Jakarta Selatan,Jagakarsa,Srengseng sawah
Jakarta Selatan,Jagakarsa,Srengseng sawah
Jakarta Selatan,Jagakarsa,Srengseng sawah
Jakarta Selatan,Jagakarsa,Tanjung barat
Jakarta Selatan,Jagakarsa,Tanjung barat
Jakarta Selatan,Jagakarsa,Tanjung barat
Jakarta Selatan,Jagakarsa,Tanjung barat
Jakarta Selatan,Jagakarsa,Tanjung barat
Jakarta Selatan,Jagakarsa,Tanjung barat
Jakarta Selatan,Jagakarsa,Tanjung barat
Jakarta Selatan,Kebayoran Baru,Cipete Utara
Jakarta Selatan,Kebayoran Baru,Cipete Utara
Jakarta Selatan,Kebayoran Baru,Gandaria Utara
Jakarta Selatan,Kebayoran Baru,Gandaria Utara
Jakarta Selatan,Kebayoran Baru,Gunung
Jakarta Selatan,Kebayoran Baru,Gunung
Jakarta Selatan,Kebayoran Baru,Kramat Pela
Jakarta Selatan,Kebayoran Baru,Kramat Pela
Jakarta Selatan,Kebayoran Baru,Kramat Pela
Jakarta Selatan,Kebayoran Baru,Petogogan
Jakarta Selatan,Kebayoran Baru,Petogogan
Jakarta Selatan,Kebayoran Baru,Petogogan
Jakarta Selatan,Kebayoran Baru,Rawa Barat
Jakarta Selatan,Kebayoran Baru,Selong
Jakarta Selatan,Kebayoran Baru,Senayan
Jakarta Selatan,Kebayoran Lama,Cipulir
Jakarta Selatan,Kebayoran Lama,Cipulir
Jakarta Selatan,Kebayoran Lama,Cipulir
Jakarta Selatan,Kebayoran Lama,Cipulir
Jakarta Selatan,Kebayoran Lama,Cipulir
Jakarta Selatan,Kebayoran Lama,Cipulir
Jakarta Selatan,Kebayoran Lama,Grogol Selatan
Jakarta Selatan,Kebayoran Lama,Grogol Selatan
Jakarta Selatan,Kebayoran Lama,Grogol Selatan
Jakarta Selatan,Kebayoran Lama,Grogol Selatan
Jakarta Selatan,Kebayoran Lama,Grogol Selatan
Jakarta Selatan,Kebayoran Lama,Grogol Selatan
Jakarta Selatan,Kebayoran Lama,Grogol Utara
Jakarta Selatan,Kebayoran Lama,Grogol Utara
Jakarta Selatan,Kebayoran Lama,Grogol Utara
Jakarta Selatan,Kebayoran Lama,Grogol Utara
Jakarta Selatan,Kebayoran Lama,Grogol Utara
Jakarta Selatan,Kebayoran Lama,Grogol Utara
Jakarta Selatan,Kebayoran Lama,Grogol Utara
Jakarta Selatan,Kebayoran Lama,Grogol Utara
Jakarta Selatan,Kebayoran Lama,Grogol Utara
Jakarta Selatan,Kebayoran Lama,Kebayoran Lama Selatan
Jakarta Selatan,Kebayoran Lama,Kebayoran Lama Selatan
Jakarta Selatan,Kebayoran Lama,Kebayoran Lama Selatan
Jakarta Selatan,Kebayoran Lama,Kebayoran Lama Selatan
Jakarta Selatan,Kebayoran Lama,Kebayoran Lama Selatan
Jakarta Selatan,Kebayoran Lama,Kebayoran Lama Selatan
Jakarta Selatan,Kebayoran Lama,Kebayoran Lama Selatan
Jakarta Selatan,Kebayoran Lama,Kebayoran Lama Selatan
Jakarta Selatan,Kebayoran Lama,Kebayoran Lama Selatan
Jakarta Selatan,Kebayoran Lama,Kebayoran Lama Utara
Jakarta Selatan,Kebayoran Lama,Kebayoran Lama Utara
Jakarta Selatan,Kebayoran Lama,Kebqyoran Lama Selatan
Jakarta Selatan,Kebayoran Lama,Pondok Pinang
Jakarta Selatan,Kebayoran Lama,Pondok Pinang
Jakarta Selatan,Kebayoran Lama,Pondok Pinang
Jakarta Selatan,Kebayoran Lama,Pondok Pinang
Jakarta Selatan,Kebayoran Lama,Pondok Pinang
Jakarta Selatan,Kebayoran Lama,Pondok Pinang
Jakarta Selatan,Kebayoran Lama,Pondok Pinang
Jakarta Selatan,Kebayoran Lama,Pondok Pinang
Jakarta Selatan,Kebayoran Lama,Pondok Pinang
Jakarta Selatan,Kebayoran Lama,Pondok Pinang
Jakarta Selatan,Kebayoran lama,Grogol Utara
Jakarta Selatan,Mampang Prapatan,Bangka
Jakarta Selatan,Mampang Prapatan,Bangka
Jakarta Selatan,Mampang Prapatan,Kuningan Barat
Jakarta Selatan,Mampang Prapatan,Mampang Prapatan
Jakarta Selatan,Mampang Prapatan,Mampang Prapatan
Jakarta Selatan,Mampang Prapatan,Pela Mampang
Jakarta Selatan,Pancoran,Cikoko
Jakarta Selatan,Pancoran,Duren tiga 
Jakarta Selatan,Pancoran,Kalibata
Jakarta Selatan,Pancoran,Kalibata
Jakarta Selatan,Pancoran,Kalibata
Jakarta Selatan,Pancoran,Kalibata
Jakarta Selatan,Pancoran,Kalibata
Jakarta Selatan,Pancoran,Pancoran
Jakarta Selatan,Pancoran,Pancoran
Jakarta Selatan,Pancoran,Pancoran
Jakarta Selatan,Pancoran,Pengadegan
Jakarta Selatan,Pancoran,Rawajati
Jakarta Selatan,Pancoran,Rawajati
Jakarta Selatan,Pancoran,Rawajati
Jakarta Selatan,Pancoran,Rawajati
Jakarta Selatan,Pancoran,Rawajati
Jakarta Selatan,Pancoran,Rawajati
Jakarta Selatan,Pancoran,Rawajati
Jakarta Selatan,Pancoran,Rawajati
Jakarta Selatan,Pancoran,Rawajati
Jakarta Selatan,Pancoran,Rawajati
Jakarta Selatan,Pancoran,Rawajati
Jakarta Selatan,Pancoran,Rawajati
Jakarta Selatan,Pancoran,Rawajati
Jakarta Selatan,Pasar Minggu,Cilandak Timur
Jakarta Selatan,Pasar Minggu,Kebagusan
Jakarta Selatan,Pasar Minggu,Pasar Minggu
Jakarta Selatan,Pasar Minggu,Pejaten Barat
Jakarta Selatan,Pasar Minggu,Pejaten Barat
Jakarta Selatan,Pasar Minggu,Pejaten Timur
Jakarta Selatan,Pasar Minggu,Pejaten Timur
Jakarta Selatan,Pasar Minggu,Ragunan
Jakarta Selatan,Pasar Minggu,Ragunan
Jakarta Selatan,Pasar minggu ,Pejaten barat
Jakarta Selatan,Pesanggrahan,Bintaro
Jakarta Selatan,Pesanggrahan,Bintaro
Jakarta Selatan,Pesanggrahan,Bintaro
Jakarta Selatan,Pesanggrahan,Bintaro
Jakarta Selatan,Pesanggrahan,Bintaro
Jakarta Selatan,Pesanggrahan,Bintaro
Jakarta Selatan,Pesanggrahan,Bintaro
Jakarta Selatan,Pesanggrahan,Pesanggrahan
Jakarta Selatan,Pesanggrahan,Pesanggrahan
Jakarta Selatan,Pesanggrahan,Pesanggrahan
Jakarta Selatan,Pesanggrahan,Pesanggrahan
Jakarta Selatan,Pesanggrahan,Pesanggrahan
Jakarta Selatan,Pesanggrahan,Pesanggrahan
Jakarta Selatan,Pesanggrahan,Pesanggrahan
Jakarta Selatan,Pesanggrahan,Pesanggrahan
Jakarta Selatan,Pesanggrahan,Petukangan Selatan
Jakarta Selatan,Pesanggrahan,Petukangan Selatan
Jakarta Selatan,Pesanggrahan,Petukangan Selatan
Jakarta Selatan,Pesanggrahan,Petukangan Utara
Jakarta Selatan,Pesanggrahan,Petukangan Utara
Jakarta Selatan,Pesanggrahan,Petukangan Utara
Jakarta Selatan,Pesanggrahan,Petukangan Utara
Jakarta Selatan,Pesanggrahan,Ulujami
Jakarta Selatan,Pesanggrahan,Ulujami
Jakarta Selatan,Pesanggrahan,Ulujami
Jakarta Selatan,Pesanggrahan,Ulujami
Jakarta Selatan,Pesanggrahan,Ulujami
Jakarta Selatan,Setiabudi,Guntur
Jakarta Selatan,Setiabudi,Karet
Jakarta Selatan,Setiabudi,Karet
Jakarta Selatan,Setiabudi,Karet Kuningan
Jakarta Selatan,Setiabudi,Karet Semanggi
Jakarta Selatan,Setiabudi,Karet Semanggi
Jakarta Selatan,Setiabudi,Kuningan Timur
Jakarta Selatan,Setiabudi,Kuningan Timur
Jakarta Selatan,Setiabudi,Kuningan Timur
Jakarta Selatan,Setiabudi,Menteng Atas
Jakarta Selatan,Setiabudi,Menteng Atas
Jakarta Selatan,Setiabudi,Pasar Manggis
Jakarta Selatan,Setiabudi,Pasar Manggis
Jakarta Selatan,Setiabudi,Pasar Manggis
Jakarta Selatan,Setiabudi,Pasar Manggis
Jakarta Selatan,Setiabudi,Pasar Manggis
Jakarta Selatan,Setiabudi,Setiabudi
Jakarta Selatan,Tebet,Bukit Duri
Jakarta Selatan,Tebet,Bukit Duri
Jakarta Selatan,Tebet,Bukit Duri
Jakarta Selatan,Tebet,Bukit Duri
Jakarta Selatan,Tebet,Menteng Dalam
Jakarta Selatan,Tebet,Tebet Barat
Jakarta Selatan,Tebet,Tebet Timur
Jakarta Selatan,Tebet,tebet barat
Jakarta Selatan,Tebet,tebet barat
Jakarta Selatan,Tebet,tebet barat
Jakarta Selatan,Tebet,tebet barat
Jakarta Timur ,Cakung,Cakung Barat
Jakarta Timur ,Cakung,Cakung Barat
Jakarta Timur ,Cakung,Cakung Barat
Jakarta Timur ,Cakung,Cakung Barat
Jakarta Timur ,Cakung,Cakung Barat
Jakarta Timur ,Cakung,Cakung Barat
Jakarta Timur ,Cakung,Cakung Barat
Jakarta Timur ,Cakung,Cakung Barat
Jakarta Timur ,Cakung,Cakung Timur
Jakarta Timur ,Cakung,Cakung Timur
Jakarta Timur ,Cakung,Cakung Timur
Jakarta Timur ,Cakung,Cakung timur
Jakarta Timur ,Cakung,Cakung timur
Jakarta Timur ,Cakung,Jatinegara
Jakarta Timur ,Cakung,Jatinegara
Jakarta Timur ,Cakung,Jatinegara
Jakarta Timur ,Cakung,Jatinegara
Jakarta Timur ,Cakung,Jatinegara
Jakarta Timur ,Cakung,Jatinegara
Jakarta Timur ,Cakung,Jatinegara
Jakarta Timur ,Cakung,Jatinegara
Jakarta Timur ,Cakung,Jatinegara
Jakarta Timur ,Cakung,Jatinegara
Jakarta Timur ,Cakung,Penggilingan
Jakarta Timur ,Cakung,Penggilingan 
Jakarta Timur ,Cakung,Pool Container
Jakarta Timur ,Cakung,Pulo Gebang
Jakarta Timur ,Cakung,Pulo Gebang
Jakarta Timur ,Cakung,Pulo Gebang
Jakarta Timur ,Cakung,Pulo gebang
Jakarta Timur ,Cakung,Pulo gebang
Jakarta Timur ,Cakung,Pulo gebang
Jakarta Timur ,Cakung,Pulo gebang
Jakarta Timur ,Cakung,Pulo gebang
Jakarta Timur ,Cakung,Pulo gebang
Jakarta Timur ,Cakung,Rawa terate
Jakarta Timur ,Cakung,Rawa terate
Jakarta Timur ,Cakung,Rawa terate
Jakarta Timur ,Cakung,Rawa terate
Jakarta Timur ,Cakung,Rawa terate
Jakarta Timur ,Cakung,Rawa terate
Jakarta Timur ,Cakung,Rawa terate
Jakarta Timur ,Cakung,Rawa terate
Jakarta Timur ,Cakung,Rawa terate
Jakarta Timur ,Cakung,Rawa terate
Jakarta Timur ,Cakung,Rawa terate
Jakarta Timur ,Cakung,Rawa terate
Jakarta Timur ,Cakung,Rawa terate
Jakarta Timur ,Cakung,Rawa terate
Jakarta Timur ,Cakung,Rawa terate
Jakarta Timur ,Cakung,Rawa terate
Jakarta Timur ,Cakung,Rawa terate
Jakarta Timur ,Cakung,Rawa terate
Jakarta Timur ,Cakung,Rawa terate
Jakarta Timur ,Cakung,Rawa terate
Jakarta Timur ,Cakung,Rawa terate
Jakarta Timur ,Cipayung,Bambu Apus
Jakarta Timur ,Cipayung,Bambu Apus
Jakarta Timur ,Cipayung,Bambu Apus
Jakarta Timur ,Cipayung,Bambu Apus
Jakarta Timur ,Cipayung,Bambu Apus
Jakarta Timur ,Cipayung,Ceger
Jakarta Timur ,Cipayung,Ceger
Jakarta Timur ,Cipayung,Ceger
Jakarta Timur ,Cipayung,Ceger
Jakarta Timur ,Cipayung,Ceger
Jakarta Timur ,Cipayung,Ceger 
Jakarta Timur ,Cipayung,Cilangkap
Jakarta Timur ,Cipayung,Cipayung
Jakarta Timur ,Cipayung,Cipayung
Jakarta Timur ,Cipayung,Cipayung
Jakarta Timur ,Cipayung,Lubang Buaya
Jakarta Timur ,Cipayung,Lubang Buaya
Jakarta Timur ,Cipayung,Lubang Buaya
Jakarta Timur ,Cipayung,Lubang Buaya
Jakarta Timur ,Cipayung,Munjul
Jakarta Timur ,Cipayung,Munjul
Jakarta Timur ,Cipayung,Pondok Ranggon
Jakarta Timur ,Cipayung,Pondok Ranggon
Jakarta Timur ,Cipayung,Setu
Jakarta Timur ,Cipayung,Setu
Jakarta Timur ,Cipayung,Setu
Jakarta Timur ,Cipayung,Setu
Jakarta Timur ,Cipayung,Setu
Jakarta Timur ,Ciracas,Cibubur
Jakarta Timur ,Ciracas,Cibubur
Jakarta Timur ,Ciracas,Cibubur
Jakarta Timur ,Ciracas,Cibubur
Jakarta Timur ,Ciracas,Cibubur
Jakarta Timur ,Ciracas,Cibubur
Jakarta Timur ,Ciracas,Cibubur
Jakarta Timur ,Ciracas,Cibubur
Jakarta Timur ,Ciracas,Cibubur
Jakarta Timur ,Ciracas,Cibubur
Jakarta Timur ,Ciracas,Cibubur
Jakarta Timur ,Ciracas,Ciracas
Jakarta Timur ,Ciracas,Ciracas
Jakarta Timur ,Ciracas,Ciracas
Jakarta Timur ,Ciracas,Ciracas
Jakarta Timur ,Ciracas,Ciracas
Jakarta Timur ,Ciracas,Ciracas
Jakarta Timur ,Ciracas,Ciracas
Jakarta Timur ,Ciracas,Ciracas
Jakarta Timur ,Ciracas,Ciracas
Jakarta Timur ,Ciracas,Ciracas
Jakarta Timur ,Ciracas,Kampung Rambutan
Jakarta Timur ,Ciracas,Kampung Rambutan 
Jakarta Timur ,Ciracas,Kampung Rambutan 
Jakarta Timur ,Ciracas,Kampung rambutan
Jakarta Timur ,Ciracas,Kampung rambutan
Jakarta Timur ,Ciracas,Kampung rambutan
Jakarta Timur ,Ciracas,Kampung rambutan
Jakarta Timur ,Ciracas,Kelapa dua wetan
Jakarta Timur ,Ciracas,Kelapa dua wetan
Jakarta Timur ,Ciracas,Kelapa dua wetan
Jakarta Timur ,Ciracas,Kelapa dua wetan
Jakarta Timur ,Ciracas,Kelapa dua wetan
Jakarta Timur ,Ciracas,Kelapa dua wetan
Jakarta Timur ,Ciracas,Rambutan
Jakarta Timur ,Ciracas,Susukan
Jakarta Timur ,Ciracas,Susukan
Jakarta Timur ,Ciracas,Susukan
Jakarta Timur ,Ciracas,Susukan
Jakarta Timur ,Ciracas,Susukan
Jakarta Timur ,Ciracas,Susukan
Jakarta Timur ,Ciracas,Susukan
Jakarta Timur ,Ciracas,Susukan
Jakarta Timur ,Ciracas,Susukan
Jakarta Timur ,Ciracas,Susukan
Jakarta Timur ,Ciracas ,Kampung Rambutan
Jakarta Timur ,Ciracas ,Kampung Rambutan 
Jakarta Timur ,Ciracas ,Kampung Rambutan 
Jakarta Timur ,Duren Sawit,Duren Sawit
Jakarta Timur ,Duren Sawit,Duren Sawit
Jakarta Timur ,Duren Sawit,Duren Sawit
Jakarta Timur ,Duren Sawit,Duren sawit 
Jakarta Timur ,Duren Sawit,Klender
Jakarta Timur ,Duren Sawit,Klender
Jakarta Timur ,Duren Sawit,Klender
Jakarta Timur ,Duren Sawit,Klender
Jakarta Timur ,Duren Sawit,Klender
Jakarta Timur ,Duren Sawit,Klender
Jakarta Timur ,Duren Sawit,Klender
Jakarta Timur ,Duren Sawit,Klender
Jakarta Timur ,Duren Sawit,Klender
Jakarta Timur ,Duren Sawit,Klender
Jakarta Timur ,Duren Sawit,Pondok Bambu
Jakarta Timur ,Duren Sawit,Pondok Bambu
Jakarta Timur ,Duren Sawit,Pondok Bambu
Jakarta Timur ,Duren Sawit,Pondok Kelapa
Jakarta Timur ,Duren Sawit,Pondok Kelapa
Jakarta Timur ,Duren Sawit,Pondok Kelapa
Jakarta Timur ,Duren Sawit,Pondok Kelapa
Jakarta Timur ,Duren Sawit,Pondok Kelapa
Jakarta Timur ,Duren Sawit,Pondok Kelapa
Jakarta Timur ,Duren Sawit,Pondok Kelapa
Jakarta Timur ,Duren Sawit,Pondok Kelapa
Jakarta Timur ,Duren Sawit,Pondok Kelapa
Jakarta Timur ,Duren Sawit,Pondok Kelapa 
Jakarta Timur ,Duren Sawit,Pondok Kelapa 
Jakarta Timur ,Duren sawit,Duren sawit
Jakarta Timur ,Duren sawit,Duren sawit
Jakarta Timur ,Duren sawit,Duren sawit
Jakarta Timur ,Duren sawit,Duren sawit 
Jakarta Timur ,Duren sawit,Malaka sari
Jakarta Timur ,Duren sawit,Od kopi
Jakarta Timur ,Duren sawit,Pd kopi
Jakarta Timur ,Duren sawit,Pondok kopi
Jakarta Timur ,Duren sawit,Pondok kopi
Jakarta Timur ,Duren sawit,Pondok kopi
Jakarta Timur ,Duren sawit,Pondok kopi
Jakarta Timur ,Duren sawit ,Duren sawit 
Jakarta Timur ,Duren sawit ,Duren sawit 
Jakarta Timur ,Duren sawit ,Malakajaya 
Jakarta Timur ,Jatinegara,Balimester
Jakarta Timur ,Jatinegara,Bidara Cina
Jakarta Timur ,Jatinegara,Bidara Cina
Jakarta Timur ,Jatinegara,Cipinang Besar Selatan
Jakarta Timur ,Jatinegara,Cipinang Besar Selatan
Jakarta Timur ,Jatinegara,Cipinang Besar Selatan 
Jakarta Timur ,Jatinegara,Cipinang Besar Utara
Jakarta Timur ,Jatinegara,Cipinang Besar Utara
Jakarta Timur ,Jatinegara,Cipinang Besar Utara
Jakarta Timur ,Jatinegara,Cipinang Besar Utara
Jakarta Timur ,Jatinegara,Cipinang Cempedak
Jakarta Timur ,Jatinegara,Cipinang Cempedak
Jakarta Timur ,Jatinegara,Cipinang Cempedak
Jakarta Timur ,Jatinegara,Cipinang Cempedak
Jakarta Timur ,Jatinegara,Cipinang Cempedak
Jakarta Timur ,Jatinegara,Cipinang Cempedak
Jakarta Timur ,Jatinegara,Cipinang Muara
Jakarta Timur ,Jatinegara,Cipinang Muara
Jakarta Timur ,Jatinegara,Cipinang Muara
Jakarta Timur ,Jatinegara,Kampung Melayu
Jakarta Timur ,Jatinegara,Kp melayu
Jakarta Timur ,Jatinegara,Rawabunga
Jakarta Timur ,Jatinegara ,Cipinang muara
Jakarta Timur ,Kr Jati ,Tengah
Jakarta Timur ,Kr jati,Tengah
Jakarta Timur ,Kr jati,Tengah
Jakarta Timur ,Kr jati,Tengah 
Jakarta Timur ,Kramat Jati,Balekambang
Jakarta Timur ,Kramat Jati,Cawang
Jakarta Timur ,Kramat Jati,Cawang
Jakarta Timur ,Kramat Jati,Cawang
Jakarta Timur ,Kramat Jati,Cililitan
Jakarta Timur ,Kramat Jati,Cililitan
Jakarta Timur ,Kramat Jati,Cililitan
Jakarta Timur ,Kramat Jati,Cililitan
Jakarta Timur ,Kramat Jati,Cililitan
Jakarta Timur ,Kramat Jati,Cililitan
Jakarta Timur ,Kramat Jati,Dukuh
Jakarta Timur ,Kramat Jati,Dukuh
Jakarta Timur ,Kramat Jati,Dukuh
Jakarta Timur ,Kramat Jati,Dukuh
Jakarta Timur ,Kramat Jati,Dukuh
Jakarta Timur ,Kramat Jati,Kramat Jati
Jakarta Timur ,Kramat Jati,Kramat Jati
Jakarta Timur ,Kramat Jati,Kramat Jati
Jakarta Timur ,Kramat Jati,Kramat Jati
Jakarta Timur ,Kramat Jati,Kramat Jati
Jakarta Timur ,Kramat Jati,Kramat Jati
Jakarta Timur ,Kramat Jati,Kramat Jati
Jakarta Timur ,Kramat jati,Tengah
Jakarta Timur ,Makasar,Cipinang Melayu
Jakarta Timur ,Makasar,Cipinang Melayu
Jakarta Timur ,Makasar,Cipinang Melayu
Jakarta Timur ,Makasar,Cipinang Melayu
Jakarta Timur ,Makasar,Cipinang Melayu
Jakarta Timur ,Makasar,Cipinang Melayu
Jakarta Timur ,Makasar,Cipinang Melayu
Jakarta Timur ,Makasar,Cipinang Melayu
Jakarta Timur ,Makasar,Cipinang Melayu
Jakarta Timur ,Makasar,Cipinang Melayu
Jakarta Timur ,Makasar,Cipinang Melayu
Jakarta Timur ,Makasar,Cipinang Melayu
Jakarta Timur ,Makasar,Cipinang Melayu
Jakarta Timur ,Makasar,Cipinang melayu
Jakarta Timur ,Makasar,Cipinang melayu
Jakarta Timur ,Makasar,Cipinang melayu
Jakarta Timur ,Makasar,Halim Perdana Kusumah
Jakarta Timur ,Makasar,Halim Perdana Kusumah
Jakarta Timur ,Makasar,Halim Perdana Kusumah
Jakarta Timur ,Makasar,Halim Perdana Kusumah
Jakarta Timur ,Makasar,Halim Perdana Kusumah
Jakarta Timur ,Makasar,Halim Perdana Kusumah
Jakarta Timur ,Makasar,Halim Perdana Kusumah
Jakarta Timur ,Makasar,Halim Perdana Kusumah
Jakarta Timur ,Makasar,Halim Perdana Kusumah
Jakarta Timur ,Makasar,Halim Perdana kusumah
Jakarta Timur ,Makasar,Halim perdana kusumah
Jakarta Timur ,Makasar,Kebon Pala
Jakarta Timur ,Makasar,Kebon Pala
Jakarta Timur ,Makasar,Kebon Pala
Jakarta Timur ,Makasar,Kebon Pala
Jakarta Timur ,Makasar,Kebon Pala
Jakarta Timur ,Makasar,Kebon Pala
Jakarta Timur ,Makasar,Kebon Pala
Jakarta Timur ,Makasar,Kebon Pala
Jakarta Timur ,Makasar,Kebon pala
Jakarta Timur ,Makasar,Kebon pala
Jakarta Timur ,Makasar,Kebon pala
Jakarta Timur ,Makasar,Makasar
Jakarta Timur ,Makasar,Makasar
Jakarta Timur ,Makasar,Makasar
Jakarta Timur ,Makasar,Pinang Ranti
Jakarta Timur ,Makasar,Pinang Ranti
Jakarta Timur ,Makasar,Pinang Ranti
Jakarta Timur ,Makasar,Pinang Ranti
Jakarta Timur ,Matraman,Kayu manis
Jakarta Timur ,Matraman,Kebon manggis
Jakarta Timur ,Matraman,Kebon manggis
Jakarta Timur ,Matraman,Kebon manggis
Jakarta Timur ,Matraman,Kebon manggis
Jakarta Timur ,Matraman,Kebon manggis
Jakarta Timur ,Matraman,Kebon manggis
Jakarta Timur ,Matraman,Kebon manggis
Jakarta Timur ,Matraman,Kebon manggis
Jakarta Timur ,Matraman,Kebon manggis
Jakarta Timur ,Matraman,Kebon manggis
Jakarta Timur ,Matraman,Kebon manggis
Jakarta Timur ,Matraman,Kebon manggis
Jakarta Timur ,Matraman,Kebon manggis
Jakarta Timur ,Matraman,Kebon manggis
Jakarta Timur ,Matraman,Kebon manggis
Jakarta Timur ,Matraman,Kebon manggis
Jakarta Timur ,Matraman,Kebon manggis
Jakarta Timur ,Matraman,Kebon manggis
Jakarta Timur ,Matraman,Palmeriam
Jakarta Timur ,Matraman,Pisangan baru
Jakarta Timur ,Matraman,Pisangan baru
Jakarta Timur ,Matraman,Utan Kayu Selatan
Jakarta Timur ,Matraman,Utan Kayu Selatan
Jakarta Timur ,Matraman ,Kebon manggis
Jakarta Timur ,Matraman ,Kebon manggis
Jakarta Timur ,Matraman ,Kebon manggis
Jakarta Timur ,Matraman ,Kebon manggis
Jakarta Timur ,Matraman ,Kebon manggis
Jakarta Timur ,PASAR REBO,BARU
Jakarta Timur ,PASAR REBO,BARU
Jakarta Timur ,PASAR REBO,BARU
Jakarta Timur ,PASAR REBO,BARU
Jakarta Timur ,PASAR REBO,PEKAYON
Jakarta Timur ,PASAR REBO,PEKAYON
Jakarta Timur ,PASAR REBO,PEKAYON
Jakarta Timur ,PASAR REBO,PEKAYON
Jakarta Timur ,PASAR REBO,PEKAYON
Jakarta Timur ,PASAR REBO,PEKAYON
Jakarta Timur ,PASAR REBO,PEKAYON
Jakarta Timur ,PASAR REBO,PEKAYON
Jakarta Timur ,PASAR REBO,PEKAYON
Jakarta Timur ,PASAR REBO,PEKAYON
Jakarta Timur ,Pasar Rebo,Baru
Jakarta Timur ,Pasar Rebo,Cijantung
Jakarta Timur ,Pasar Rebo,Cijantung
Jakarta Timur ,Pasar Rebo,Cijantung
Jakarta Timur ,Pasar Rebo,Cijantung
Jakarta Timur ,Pasar Rebo,Cijantung
Jakarta Timur ,Pasar Rebo,Cijantung
Jakarta Timur ,Pasar Rebo,Cijantung
Jakarta Timur ,Pasar Rebo,Pekayon
Jakarta Timur ,Pasar rebo,Gedong
Jakarta Timur ,Pasar rebo,Gedong
Jakarta Timur ,Pasar rebo,Gedong
Jakarta Timur ,Pasar rebo,Gedong
Jakarta Timur ,Pasar rebo,Gedong
Jakarta Timur ,Pasar rebo,Gedong
Jakarta Timur ,Pasar rebo,Gedong
Jakarta Timur ,Pasar rebo ,Gedong
Jakarta Timur ,Pulogadung,Cipinang
Jakarta Timur ,Pulogadung,Cipinang
Jakarta Timur ,Pulogadung,Cipinang
Jakarta Timur ,Pulogadung,Cipinang
Jakarta Timur ,Pulogadung,Jati
Jakarta Timur ,Pulogadung,Jati
Jakarta Timur ,Pulogadung,Jati
Jakarta Timur ,Pulogadung,Jatinegara Kaum
Jakarta Timur ,Pulogadung,Jatinegara Kaum
Jakarta Timur ,Pulogadung,Jatinegara kaum
Jakarta Timur ,Pulogadung,Kayu putih
Jakarta Timur ,Pulogadung,Kayu putih
Jakarta Timur ,Pulogadung,Kayu putih
Jakarta Timur ,Pulogadung,Pisangan Timur
Jakarta Timur ,Pulogadung,Pisangan timur
Jakarta Timur ,Pulogadung,Pulogadung
Jakarta Timur ,Pulogadung,Pulogadung
Jakarta Timur ,Pulogadung,Pulogadung
Jakarta Timur ,Pulogadung,Pulogadung
Jakarta Timur ,Pulogadung,Pulogadung
Jakarta Timur ,Pulogadung,Pulogadung
Jakarta Timur ,Pulogadung,Pulogadung
Jakarta Timur ,Pulogadung,Rawamangun
Jakarta Timur ,Pulogadung,Rawamangun
Jakarta Timur ,Pulogadung,Rawamangun
Jakarta Timur ,Pulogadung ,Cipinang
Jakarta Timur ,Pulogadung ,Jatinegara Kaum 
Jakarta Timur ,Pulogadung ,Kayu putih 
Jakarta Timur ,Pulogadung ,Kayu putih 
Jakarta Timur ,Pulogadung ,Pisangan Timur 
Jakarta Timur ,Pulogadung ,Rawamangun 
Jakarta Timur ,pasar rebo,kalisari
Jakarta Timur ,pasar rebo,kalisari
Jakarta Timur ,pasar rebo,kalisari
Jakarta Timur ,pasar rebo,kalisari
Jakarta Timur ,pasar rebo,kalisari
Jakarta Timur ,pasar rebo,kalisari 
Jakarta Utara,Cilincing,Cilincing
Jakarta Utara,Cilincing,Cilincing
Jakarta Utara,Cilincing,Cilincing
Jakarta Utara,Cilincing,Cilincing
Jakarta Utara,Cilincing,Cilincing
Jakarta Utara,Cilincing,Cilincing
Jakarta Utara,Cilincing,Cilincing
Jakarta Utara,Cilincing,Cilincing
Jakarta Utara,Cilincing,Cilincing
Jakarta Utara,Cilincing,Cilincing
Jakarta Utara,Cilincing,Cilincing
Jakarta Utara,Cilincing,Cilincing
Jakarta Utara,Cilincing,Cilincing
Jakarta Utara,Cilincing,Cilincing
Jakarta Utara,Cilincing,Cilincing
Jakarta Utara,Cilincing,Cilincing
Jakarta Utara,Cilincing,Cilincing
Jakarta Utara,Cilincing,Cilincing
Jakarta Utara,Cilincing,Cilincing
Jakarta Utara,Cilincing,Kalibaru
Jakarta Utara,Cilincing,Kalibaru
Jakarta Utara,Cilincing,Kalibaru
Jakarta Utara,Cilincing,Kalibaru
Jakarta Utara,Cilincing,Kalibaru
Jakarta Utara,Cilincing,Rorotan
Jakarta Utara,Cilincing,Rorotan
Jakarta Utara,Cilincing,Rorotan
Jakarta Utara,Cilincing,Rorotan
Jakarta Utara,Cilincing,Rorotan
Jakarta Utara,Cilincing,Rorotan
Jakarta Utara,Cilincing,Rorotan 
Jakarta Utara,Cilincing ,Marunda
Jakarta Utara,Cilincing ,Marunda 
Jakarta Utara,Cilincing ,Marunda 
Jakarta Utara,Cilincing ,Marunda 
Jakarta Utara,Cilincing ,Marunda 
Jakarta Utara,Cilincing ,Marunda 
Jakarta Utara,Cilincing ,Semper Barat 
Jakarta Utara,Cilincing ,Semper Barat 
Jakarta Utara,Cilincing ,Semper Barat 
Jakarta Utara,Cilincing ,Semper Barat 
Jakarta Utara,Cilincing ,Semper Timur
Jakarta Utara,Cilincing ,Semper Timur
Jakarta Utara,Cilincing ,Semper Timur 
Jakarta Utara,Cilincing ,Semper Timur 
Jakarta Utara,Cilincing ,Semper Timur 
Jakarta Utara,Cilincing ,Semper Timur 
Jakarta Utara,Cilincing ,Semper Timur 
Jakarta Utara,Cilincing ,Semper Timur 
Jakarta Utara,Cilincing ,Semper Timur 
Jakarta Utara,Cilincing ,Semper Timur 
Jakarta Utara,Cilincing ,Semper Timur 
Jakarta Utara,Cilincing ,Sukapura 
Jakarta Utara,Cilincing ,Sukapura 
Jakarta Utara,Cilincing ,Sukapura 
Jakarta Utara,Cilincing ,Sukapura 
Jakarta Utara,Cilincing ,Sukapura 
Jakarta Utara,Cilincing ,Sukapura 
Jakarta Utara,Cilincing ,Sukapura 
Jakarta Utara,Cilincing ,Sukapura 
Jakarta Utara,Cilincing ,semper timur 
Jakarta Utara,Kelapa Gading,Kelapa Gading Barat
Jakarta Utara,Kelapa Gading,Kelapa Gading Barat
Jakarta Utara,Kelapa Gading,Kelapa Gading Barat
Jakarta Utara,Kelapa Gading,Kelapa Gading Barat
Jakarta Utara,Kelapa Gading,Kelapa Gading Barat
Jakarta Utara,Kelapa Gading,Kelapa Gading Barat
Jakarta Utara,Kelapa Gading,Kelapa Gading Barat
Jakarta Utara,Kelapa Gading,Kelapa Gading Barat
Jakarta Utara,Kelapa Gading,Kelapa Gading Barat
Jakarta Utara,Kelapa Gading,Kelapa Gading Barat
Jakarta Utara,Kelapa Gading,Kelapa Gading Timur
Jakarta Utara,Kelapa Gading,Kelapa Gading Timur
Jakarta Utara,Kelapa Gading,Kelapa Gading Timur
Jakarta Utara,Kelapa Gading,Kelapa Gading Timur
Jakarta Utara,Kelapa Gading,Kelapa Gading Timur
Jakarta Utara,Kelapa Gading,Kelapa Gading Timur
Jakarta Utara,Kelapa Gading,Kelapa Gading Timur
Jakarta Utara,Kelapa Gading,Kelapa Gading Timur
Jakarta Utara,Kelapa Gading,Kelapa Gading Timur
Jakarta Utara,Kelapa Gading,Kelapa Gading Timur
Jakarta Utara,Kelapa Gading,Kelapa Gading Timur
Jakarta Utara,Kelapa Gading,Pegangsaan Dua
Jakarta Utara,Kelapa Gading,Pegangsaan Dua
Jakarta Utara,Kelapa Gading,Pegangsaan Dua
Jakarta Utara,Kelapa Gading,Pegangsaan Dua
Jakarta Utara,Kelapa Gading,Pegangsaan Dua
Jakarta Utara,Kelapa gading,Kelapa Gading Timur
Jakarta Utara,Koja,Koja Selatan
Jakarta Utara,Koja,Koja Selatan
Jakarta Utara,Koja,Koja Utara
Jakarta Utara,Koja,Koja selatan
Jakarta Utara,Koja,Lagoa
Jakarta Utara,Koja,Lagoa
Jakarta Utara,Koja,Lagoa
Jakarta Utara,Koja,Lagoa
Jakarta Utara,Koja,Rawa Badak Selatan
Jakarta Utara,Koja,Rawa Badak Selatan
Jakarta Utara,Koja,Rawa Badak Selatan
Jakarta Utara,Koja,Rawa Badak Utara
Jakarta Utara,Koja,Rawa Badak Utara
Jakarta Utara,Koja,Rawa Badak Utara
Jakarta Utara,Koja,Rawa Badak Utara
Jakarta Utara,Koja,Rawa Badak Utara
Jakarta Utara,Koja,Rawa Badak Utara
Jakarta Utara,Koja,Tugu Utara
Jakarta Utara,Koja,Tugu Utara
Jakarta Utara,Koja,Tugu Utara
Jakarta Utara,Koja,Tugu Utara
Jakarta Utara,Koja,Tugu Utara
Jakarta Utara,Koja,Tugu Utara
Jakarta Utara,Pademangan,Ancol
Jakarta Utara,Pademangan,Ancol
Jakarta Utara,Pademangan,Ancol
Jakarta Utara,Pademangan,Ancol
Jakarta Utara,Pademangan,Ancol
Jakarta Utara,Pademangan,Ancol
Jakarta Utara,Pademangan,Ancol
Jakarta Utara,Pademangan,Ancol
Jakarta Utara,Pademangan,Pademangan Barat
Jakarta Utara,Pademangan,Pademangan Barat
Jakarta Utara,Pademangan,Pademangan Barat
Jakarta Utara,Pademangan,Pademangan Barat
Jakarta Utara,Pademangan,Pademangan Barat
Jakarta Utara,Pademangan,Pademangan Barat
Jakarta Utara,Pademangan,Pademangan Barat
Jakarta Utara,Pademangan,Pademangan Barat
Jakarta Utara,Pademangan,Pademangan Barat
Jakarta Utara,Pademangan,Pademangan Timur
Jakarta Utara,Pademangan,Pademangan Timur
Jakarta Utara,Pademangan ,Pademangan Barat
Jakarta Utara,Penjaringan,Kamal Muara
Jakarta Utara,Penjaringan,Kapuk Muara
Jakarta Utara,Penjaringan,Kapuk Muara
Jakarta Utara,Penjaringan,Penjaringan
Jakarta Utara,Penjaringan,Penjaringan
Jakarta Utara,Tanjung Priok,Kebon Bawang
Jakarta Utara,Tanjung Priok,Papanggo
Jakarta Utara,Tanjung Priok,Papanggo
Jakarta Utara,Tanjung Priok,Papanggo
Jakarta Utara,Tanjung Priok,Sungai Bambu
Jakarta Utara,Tanjung Priok,Sungai Bambu
Jakarta Utara,Tanjung Priok,Sunter Agung
Jakarta Utara,Tanjung Priok,Sunter Agung
Jakarta Utara,Tanjung Priok,Sunter Agung
Jakarta Utara,Tanjung Priok,Sunter Agung
Jakarta Utara,Tanjung Priok,Sunter Jaya
Jakarta Utara,Tanjung Priok,Sunter Jaya
Jakarta Utara,Tanjung Priok,Sunter jaya
Jakarta Utara,Tanjung Priok,Tanjung Priok
Jakarta Utara,Tanjung Priok,Warakas
Jakarta Utara,Tanjung priok,Kebon bawang
Jakarta Utara,Tanjung priok,Sunter jaya
Jakarta Utara,cilincing ,sukapura
Jakarta Barat,Kebon Jeruk,Duri Kepa
Jakarta Barat,Kebon Jeruk,Duri Kepa
Jakarta Barat,Kebon Jeruk,Duri Kepa
Jakarta Barat,Kebon Jeruk,Duri Kepa
Jakarta Barat,Kebon Jeruk,Kebon Jeruk
Jakarta Barat,Kebon Jeruk,Kebon Jeruk
Jakarta Barat,Kebon Jeruk,Kedoya Selatan
Jakarta Barat,Kebon Jeruk,Kedoya Selatan
Jakarta Barat,Kebon Jeruk,Kedoya Utara
Jakarta Barat,Kebon Jeruk,Kedoya Utara
Jakarta Barat,Kebon Jeruk,Kedoya Utara
